File,E1-bc_Symb_adj,E2-bc_Symb_adj,E3-bc_Symb_adj,E4-bc_Symb_adj,E5-bc_Symb_adj,E6-bc_Symb_adj,E7-bc_Symb_adj,E8-bc_Symb_adj,E9-bc_Symb_adj,E10-bc_Symb_adj,E11-bc_Symb_adj,E12-bc_Symb_adj,E13-bc_Symb_adj,E14-bc_Symb_adj,E15-bc_Symb_adj,E16-bc_Symb_adj,E17-bc_Symb_adj,E18-bc_Symb_adj,E19-bc_Symb_adj,E20-bc_Symb_adj,E21-bc_Symb_adj,E22-bc_Symb_adj,E23-bc_Symb_adj,E24-bc_Symb_adj,E25-bc_Symb_adj,E26-bc_Symb_adj,E27-bc_Symb_adj,E28-bc_Symb_adj,E29-bc_Symb_adj,E30-bc_Symb_adj,E31-bc_Symb_adj,E32-bc_Symb_adj,E33-bc_Symb_adj,E34-bc_Symb_adj,E35-bc_Symb_adj,E36-bc_Symb_adj,E37-bc_Symb_adj,E38-bc_Symb_adj,E39-bc_Symb_adj,E40-bc_Symb_adj,E41-bc_Symb_adj,E42-bc_Symb_adj,E43-bc_Symb_adj,E44-bc_Symb_adj,E45-bc_Symb_adj,E46-bc_Symb_adj,E47-bc_Symb_adj,E48-bc_Symb_adj,E49-bc_Symb_adj,E50-bc_Symb_adj,E51-bc_Symb_adj,E52-bc_Symb_adj,E53-bc_Symb_adj,E54-bc_Symb_adj,E55-bc_Symb_adj,E56-bc_Symb_adj,E57-bc_Symb_adj,E58-bc_Symb_adj,E59-bc_Symb_adj,E60-bc_Symb_adj,E61-bc_Symb_adj,E62-bc_Symb_adj,E63-bc_Symb_adj,E64-bc_Symb_adj,E65-bc_Symb_adj,E66-bc_Symb_adj,E67-bc_Symb_adj,E68-bc_Symb_adj,E69-bc_Symb_adj,E70-bc_Symb_adj,E71-bc_Symb_adj,E72-bc_Symb_adj,E73-bc_Symb_adj,E74-bc_Symb_adj,E75-bc_Symb_adj,E76-bc_Symb_adj,E77-bc_Symb_adj,E78-bc_Symb_adj,E79-bc_Symb_adj,E80-bc_Symb_adj,E81-bc_Symb_adj,E82-bc_Symb_adj,E83-bc_Symb_adj,E84-bc_Symb_adj,E85-bc_Symb_adj,E86-bc_Symb_adj,E87-bc_Symb_adj,E88-bc_Symb_adj,E89-bc_Symb_adj,E90-bc_Symb_adj,E91-bc_Symb_adj,E92-bc_Symb_adj,E93-bc_Symb_adj,E94-bc_Symb_adj,E95-bc_Symb_adj,E96-bc_Symb_adj,E97-bc_Symb_adj,E98-bc_Symb_adj,E99-bc_Symb_adj,E100-bc_Symb_adj,E101-bc_Symb_adj,E102-bc_Symb_adj,E103-bc_Symb_adj,E104-bc_Symb_adj,E105-bc_Symb_adj,E106-bc_Symb_adj,E107-bc_Symb_adj,E108-bc_Symb_adj,E109-bc_Symb_adj,E110-bc_Symb_adj,E111-bc_Symb_adj,E112-bc_Symb_adj,E113-bc_Symb_adj,E114-bc_Symb_adj,E115-bc_Symb_adj,E116-bc_Symb_adj,E117-bc_Symb_adj,E118-bc_Symb_adj,E119-bc_Symb_adj,E120-bc_Symb_adj,E121-bc_Symb_adj,E122-bc_Symb_adj,E123-bc_Symb_adj,E124-bc_Symb_adj,E125-bc_Symb_adj,E126-bc_Symb_adj,E127-bc_Symb_adj,E128-bc_Symb_adj,Cz-bc_Symb_adj
N1_0051_sec120-export,1.729705,1.833151,3.782924,2.539234,2.541107,2.583592,1.826998,4.311843,3.33372,3.878008,2.859224,2.099105,2.575114,2.249757,2.555687,2.874037,2.807683,2.293971,3.021139,2.142528,3.523578,2.651569,2.537177,2.532786,2.076076,2.553909,2.211504,2.77054,2.668001,2.202273,1.89018,1.507151,0.426468,1.385838,1.121942,1.703818,1.706447,0.652028,-1.358014,0.091656,0.305748,0.621644,0.338054,0.562868,-2.216837,-1.572122,-0.216723,-0.014977,-1.055013,-3.011359,-1.676155,-0.398916,1.520741,1.693851,1.725202,-2.197464,-3.357762,-4.310671,-1.655816,0.405056,1.430536,1.907341,-2.967047,-3.713682,-4.423175,-1.393451,1.563159,-3.704283,-3.303064,-4.160627,-1.220249,1.120678,-4.487654,-3.297688,-3.414749,-1.404033,1.678842,1.682001,1.574827,1.910633,-1.179719,-3.874124,-4.461344,-3.562348,-0.222624,0.185642,1.00456,-0.053791,-3.322319,-7.391787,-5.227571,-1.721544,-0.89504,-1.832203,-3.404657,-6.190811,-3.748106,-2.286917,-1.020386,-3.487869,-3.740343,-2.321855,-1.420246,0.598154,1.054661,2.050405,-2.490972,-1.971474,-0.987776,0.201559,0.970203,2.271246,-0.702832,-1.096691,-1.365095,0.571608,0.688719,2.393964,0.868025,-0.462803,-0.687733,0.422745,1.386515,2.992869,0.657918,-0.524052,0.323801,1.261894,2.189435
N1_0052_sec120-export,1.655721,2.587827,2.777892,2.037243,1.447883,0.679959,1.624878,2.566731,2.953359,2.066118,1.11574,0.622867,0.363014,2.026172,2.122062,1.363593,2.164226,1.186949,0.467533,-0.17296,1.897647,2.918284,1.090883,-0.208557,1.888102,1.317546,0.573577,0.081083,-0.082031,0.717737,1.42719,1.12455,0.852609,-0.742927,-1.513463,-0.28721,0.543677,0.181577,-0.494446,-1.622484,-2.111511,-1.516246,0.162767,-0.313875,-2.181659,-2.382238,-2.581154,-0.023172,-0.524744,-4.093009,-4.397053,-1.978369,0.175564,1.689747,2.376254,-1.52941,-2.340901,-5.728452,-4.922364,-1.860113,1.255154,2.770028,-1.421766,-3.199302,-5.04957,-4.358724,0.376795,-1.689227,-2.712915,-4.221319,-2.40271,1.721783,-1.129826,-2.048551,-2.066327,0.663437,2.927094,3.182621,2.659607,2.044427,-1.215077,-2.153244,-1.890247,-0.112125,1.945817,2.189793,1.690634,-0.878817,-2.325291,-2.957997,-2.522825,0.693387,0.912398,-2.006242,-2.394082,-3.650374,-2.308534,0.343615,-1.356137,-2.552736,-2.005257,-0.35472,1.029848,1.492082,1.583931,1.169327,-1.329265,-0.374611,1.391495,1.111337,1.071014,0.701828,-0.860942,0.640846,1.118026,2.113634,1.712554,1.677414,0.320816,0.352511,1.48861,2.5389,3.01601,2.438636,1.038633,0.046375,0.674234,0.41432,1.789584
N1_0053_sec120-export,0.902066,0.224123,-2.053634,-2.205342,-2.010314,-0.953013,-0.714576,0.988132,-0.885816,-1.431887,-1.769338,-1.601808,-0.946922,-0.086704,-1.587497,-2.055532,0.513208,-1.165276,-1.114193,-1.147848,0.437511,-0.072087,-0.44675,-0.573718,0.69913,0.230751,0.890007,-0.285792,-0.314765,-0.441136,-0.179171,1.629738,0.726483,0.221734,0.272281,-0.035411,-0.099406,1.899793,1.09351,0.647578,0.090765,-0.281923,1.877459,1.867725,0.740428,-0.139088,-0.321059,1.608442,1.991609,-0.088637,-1.195807,-0.975699,0.046251,0.399962,0.594261,1.641582,0.53678,-1.110157,-1.388651,-0.967629,1.054849,1.247438,0.928188,0.054331,-1.547518,-1.280035,0.439581,-0.110165,-0.426776,-0.916101,0.232838,0.936345,0.301321,-0.169821,0.312158,0.233643,0.438554,0.832324,0.563256,0.109723,0.400895,0.319985,-0.483865,-0.693294,-0.113034,0.161249,0.25562,0.017529,-0.669976,-0.988029,-0.919331,-0.082754,-0.02713,0.028777,0.363772,-0.53894,-0.100743,0.175098,0.395364,0.517991,0.582643,0.36402,0.010103,-0.06935,-0.347187,-0.287342,1.147615,0.979244,0.525893,-0.400882,-0.903506,-0.803997,1.767629,1.316385,1.150345,-0.082542,-1.13154,-1.80815,1.085165,1.061052,0.870025,0.113119,-0.846844,-2.379856,1.138318,1.164806,0.914621,1.426355,0.065818
N1_0054_sec120-export,-1.307813,-1.331036,-1.199932,-1.544603,-1.606707,-1.371198,-0.831173,-0.598209,-1.089024,-1.529376,-1.89187,-1.477076,-1.736794,-0.688264,-1.17247,-1.395262,-0.196187,-1.686167,-1.678697,-1.210403,-0.041054,-1.032473,-1.027357,-1.498461,1.594731,0.658638,-0.601104,-1.041034,-1.276249,-0.903748,0.628622,-0.537314,-0.999865,-1.087453,-1.354359,-0.933421,0.350872,-1.459798,-2.062582,-2.40705,-1.670387,-0.656067,-1.77451,-2.95579,-2.00046,-1.492661,-1.945745,-1.720321,-2.323361,-3.467796,-1.960458,-0.895231,0.974777,2.507192,2.095643,-1.763747,-2.000263,-4.442416,-3.343232,1.312261,2.802858,7.160301,-0.765292,-2.035453,-2.830625,-1.351552,4.94453,-1.710103,-1.795642,-1.190607,3.140705,6.645696,-0.841449,-0.233391,1.258801,6.026484,8.925132,7.841824,4.776605,1.653085,-0.620406,-0.198357,1.983759,7.567693,8.646196,6.440216,3.718865,-0.679666,0.060581,2.398848,7.081356,5.81996,4.317349,-1.028478,-1.430794,-0.200691,3.069286,2.876907,-1.85739,-0.938645,-1.296845,0.85996,2.075759,1.44288,1.086388,-0.621625,-1.225285,-0.982187,0.35652,0.138529,-0.036763,-1.199891,-1.360947,-1.806794,-0.650126,-0.961742,-0.941637,-1.518946,-1.738908,-2.128381,-1.443677,-0.925242,-1.115497,-1.533956,-1.776175,-1.465693,-0.641043,-2.001285,0.059406
N1_0055_sec120-export,3.730423,4.406042,2.812093,3.475119,3.007311,2.45411,1.478153,5.222404,4.111267,4.04739,2.834412,3.155945,2.07467,4.321333,4.268192,3.846556,4.128971,3.809108,3.549297,3.048346,4.206559,3.560829,3.884241,2.999467,4.349943,3.914015,3.185083,2.200577,1.984661,1.038207,0.393727,2.29668,2.226835,2.391259,0.744125,-0.02129,-0.854574,2.453437,0.556813,-0.745702,-0.710368,-1.578544,2.832584,1.124093,-1.393984,-3.685991,-2.762549,1.951002,3.724536,-4.033319,-5.403785,-4.835346,-3.247334,-1.286319,-0.115719,1.115057,-2.394185,-8.623706,-8.617052,-6.344803,-3.363609,-1.991129,-0.169343,-3.578715,-8.658,-9.475374,-4.76311,-2.682937,-3.663756,-6.846988,-4.439043,-2.802585,-2.091202,-2.962918,-3.05208,-3.268126,-2.562264,-2.095689,-1.239285,0.636697,-1.961865,-2.228711,-3.610232,-5.060439,-3.675424,-2.067117,-0.041372,-1.342667,-2.416874,-4.965016,-5.607363,-2.623976,-1.10119,-1.133044,-1.908943,-3.321133,-2.962547,-2.088058,0.592704,-0.43425,-2.19781,-2.689092,-0.680874,0.558015,1.267125,1.533517,1.338353,0.135171,0.126596,1.912453,1.8406,2.32386,2.729404,2.559736,0.157199,1.508628,2.429895,2.473658,2.397652,4.372366,3.109649,3.555893,3.180204,3.398804,3.12165,3.591787,2.570512,3.191697,0.95002
N1_0056_sec180-export,-0.664946,0.401381,0.950075,2.48832,0.879308,1.114927,0.585392,1.37958,1.102854,1.37597,1.383351,1.641993,1.020313,1.156772,1.395046,1.08739,0.933706,1.697896,2.141383,1.876473,1.125416,1.594856,1.978546,2.003073,1.498876,1.997146,2.302226,2.011596,0.825222,1.006634,0.77292,1.356612,2.49659,2.273078,1.91517,1.638293,0.708331,0.916149,1.50256,1.300402,1.491183,0.83693,0.6178,0.747638,0.531741,0.749943,0.513894,0.481833,0.55556,-0.102518,0.248894,0.557111,0.57397,0.166238,0.797746,0.203988,0.796133,-1.94302,-1.467886,-0.674149,0.959239,0.379347,-0.592932,-1.154754,-1.824615,-1.485805,-0.408108,-0.817499,-1.434417,-1.927927,-1.444934,-0.672607,-0.689484,-0.886255,-1.736434,-1.737277,-1.166042,-0.550621,-0.452286,-0.581804,-1.10308,-1.326095,-2.43822,-2.435317,-2.071086,-0.912644,-0.816766,-1.5072,-1.868844,-2.594339,-3.589653,-1.967828,-1.962947,-1.792951,-3.295971,-2.971079,-2.683325,-2.007198,-0.397223,-2.15024,-3.613071,-0.526385,0.088323,-0.22981,0.032133,0.699021,-0.794249,-1.51397,-0.48802,-0.453301,0.220613,0.832351,-0.095321,-0.978654,1.049852,0.210546,0.522631,0.898803,-0.126391,-0.693869,-0.857712,0.77859,-1.091897,0.729565,0.144445,0.188124,1.191436,0.460893,0.678642
N1_0057_sec120-export,1.266866,2.225666,2.093823,1.738239,1.650075,0.605939,1.451242,3.308235,1.530317,1.291838,1.907095,1.555072,1.488556,2.417938,1.994698,2.259061,1.959816,2.757909,1.650524,0.572801,3.285747,2.090864,2.265916,1.443253,0.733889,-0.374566,0.248627,0.720813,0.787765,0.192604,1.220141,-0.798182,-0.688098,-0.03052,-1.142238,-0.155745,-0.062296,-1.293396,-1.715596,-1.22613,-1.104729,-0.467499,-1.360109,-2.523479,-1.779934,-1.818594,-1.757345,-0.510899,-1.630029,-3.810163,-2.337121,-1.155139,-0.258169,1.336461,1.874718,-3.12015,-3.843164,-4.626894,-1.791626,0.024016,0.549863,2.060838,-3.842483,-7.301402,-5.99222,-0.19529,1.597648,-4.184151,-3.792679,0.043979,2.60632,2.793077,-1.138906,-0.91215,2.072529,1.434364,1.20909,1.957528,1.582296,1.536261,-0.870984,-0.190515,-0.247649,0.994683,1.373321,1.383441,1.470914,-0.426013,-1.993436,-1.985448,-1.28307,0.322542,0.07656,-2.517113,-5.362003,-2.370542,-0.641386,-0.349294,-2.38473,-2.828358,-0.501841,-0.332407,0.993464,0.861553,0.635771,1.511425,-1.577239,-0.515466,-0.122174,0.659132,0.925688,2.365395,0.117164,-0.921137,-0.283532,0.687204,0.781425,0.773809,1.152922,0.625231,1.259121,1.214235,1.684444,0.862718,0.859885,0.367485,-0.345412,-0.432011,1.869
N1_0058_sec120-export,1.012957,2.038767,-1.260772,-0.874287,-1.423029,-1.581953,-3.187943,0.525788,0.583896,-0.674801,-1.359391,0.020035,-1.359347,0.906112,1.800586,1.004563,-0.399198,1.731829,-0.724778,-1.059652,0.740285,3.827384,0.109233,1.685439,1.677078,1.533245,0.267432,-0.439835,-1.571183,-1.578595,-1.590581,1.090499,-0.576884,-0.264335,-1.379673,0.381377,-1.327838,0.635388,-1.035388,0.034336,-1.60443,-2.902098,0.766507,0.212329,0.042996,0.355696,-0.779705,0.903786,0.245031,-1.261788,-0.483303,-0.260103,0.013789,-2.197833,-2.613505,0.619495,0.261329,-0.726615,-2.547501,-1.020963,-1.270822,-0.172925,-0.708348,-1.025865,-2.175121,0.100497,-3.299267,-0.824982,0.282885,-2.194674,-1.204504,3.114779,0.343653,0.495352,1.595938,1.825288,1.238883,-0.438967,-1.101561,-0.247024,2.017204,1.105456,1.548319,1.282359,2.079258,-1.064714,-0.881595,1.242736,1.404602,2.25851,2.872286,-0.28332,-2.472582,2.792579,0.5198,2.450126,1.210004,0.9908,2.614473,1.649308,2.105651,-1.242398,-1.341048,-0.934325,-2.075253,-1.339196,0.611425,2.062522,1.712749,-3.128156,-2.072432,-3.27614,1.204646,2.206182,0.781112,3.578347,-2.642924,-1.793862,1.280365,1.160355,2.089165,1.460212,-1.13378,-1.540935,0.798904,0.365283,0.371835,0.733972,-2.63099
N1_0059_sec120-export,0.988849,3.487201,6.577753,5.519192,5.503693,4.840018,4.193796,3.794395,6.381795,5.723803,5.251909,5.057286,4.527455,5.681578,5.180036,5.458525,4.163401,5.403599,4.583634,3.972517,5.067046,5.065376,4.31158,4.963683,3.483597,3.048453,5.129149,3.367484,3.705839,3.970997,3.741482,1.636145,1.939114,2.858592,2.281455,3.09069,3.358758,-0.370873,-0.653358,-0.272068,0.358514,0.979432,-0.499176,-0.667987,-2.260963,-1.589685,-1.087668,-1.217601,-1.601197,-3.8004,-2.579622,-1.392741,1.492278,2.931861,2.834018,-3.370645,-4.388809,-5.775461,-4.639613,-1.570354,-0.115565,0.430889,-4.604118,-5.037038,-5.695246,-4.148055,-2.018136,-5.218681,-5.663873,-5.435679,-3.859432,0.039861,-4.630228,-4.691238,-4.536993,-2.712789,0.474361,1.061251,1.272309,3.543561,-5.59584,-5.812547,-5.173616,-3.325617,-1.361775,-0.339844,2.652348,-5.423828,-6.772506,-8.23349,-6.386881,-2.416293,-0.335464,-5.801604,-7.689277,-9.717072,-8.76934,-1.968991,-6.116371,-5.657557,-6.870018,-2.531259,-0.494242,0.474845,3.309589,4.09819,-4.872829,-3.72222,-0.886231,-0.020539,3.408537,4.115944,-1.799111,-1.128825,-0.406284,1.138476,1.91351,4.472321,-1.100007,-1.124535,0.263525,3.353062,3.98494,4.779574,0.433428,0.678035,1.001028,0.75633,4.397413
N1_0060_sec120-export,2.973596,3.406151,3.104542,2.767763,2.197672,1.5436,1.419885,3.726213,4.216152,3.340452,2.329832,1.846967,1.602874,3.941957,4.153684,3.111595,3.352562,3.469524,2.79836,2.137581,3.903562,4.327427,3.533306,2.944483,3.920021,2.307788,2.638418,2.175405,1.945069,1.241209,0.684724,2.540121,2.777972,1.589928,1.605081,1.46925,0.628481,2.178111,-0.137389,0.439401,0.796537,-0.524748,1.707664,2.134501,-1.220838,-1.579922,-0.946045,1.577615,1.373667,-4.225359,-3.809762,-1.767249,-1.000301,-0.043347,0.491387,-0.940163,-1.435161,-7.444859,-6.136312,-2.931773,-0.583097,-0.283996,-1.622004,-4.297328,-6.341923,-6.853805,-2.882367,-2.688838,-3.883856,-4.133177,-2.931645,-0.510151,-2.769672,-3.770611,-3.967984,-1.937086,-1.458878,0.233425,0.680599,1.215651,-3.297615,-3.729074,-4.665996,-2.672228,-1.451313,0.365081,1.073627,-3.159358,-3.643881,-7.023347,-5.787329,-0.730747,1.514541,-1.798159,-3.785763,-7.90084,-2.853756,-0.732276,-3.236949,-4.332927,-4.595883,-0.557496,0.922682,0.714957,2.187541,1.291714,-1.53594,-1.032733,1.165787,1.860986,1.990874,1.513047,1.24831,1.373291,1.105411,1.311493,2.372295,1.866565,1.330784,1.37273,1.972916,1.749523,2.63117,2.282986,1.406835,2.023849,1.750391,1.764123,0.917983
N1_0061_sec120-export,-0.579268,-0.000705,1.131308,1.361851,1.97736,3.59075,2.674743,-0.44061,0.429595,1.075607,1.064479,1.565124,1.905495,-0.053548,1.017605,1.192899,-0.220415,1.185996,1.932799,0.13929,0.128283,1.143186,1.951951,2.419761,0.506263,2.049208,0.015871,0.758016,1.215079,2.828248,-1.208775,0.206804,-0.788282,0.580506,0.391183,1.486875,1.240548,-0.114165,-1.367299,-0.732091,-0.015936,4.369294,-1.136809,-1.85294,-1.231692,-0.778219,0.034009,-1.526268,-1.471089,-4.15134,-1.944342,-0.502745,0.687232,2.58954,2.572756,-2.573917,-3.88808,-4.136957,-2.171969,0.426671,1.662702,0.454115,-2.773786,-4.198995,-3.150844,-1.343891,0.805062,-2.123858,-2.82978,-2.067097,-0.330158,0.552093,-1.336075,-0.913037,-0.190855,1.092473,1.403357,2.056775,2.833815,1.515786,-0.359403,-1.387783,-0.407299,0.835104,1.61848,2.294735,2.521528,-0.936971,-1.272291,-1.731107,-0.138457,1.300781,1.089391,-1.641257,-2.622432,-3.191717,-2.175809,0.670709,-2.690081,-2.421001,-2.082489,-0.021975,1.094552,2.443814,2.473303,3.708829,-2.209012,-2.713722,0.275682,1.282023,2.574278,2.91928,-1.137065,-1.198919,-0.497038,0.781661,-0.804117,2.259202,-3.108428,-1.706899,-0.688264,0.600084,0.995942,1.045038,-2.503386,-2.546809,-1.006648,-0.134249,2.473686
N1_0062_sec120-export,0.664325,1.73388,0.119236,1.091834,1.880034,2.082647,2.516297,1.18581,1.056605,0.487159,0.796439,1.850181,2.165173,1.314014,1.029328,0.395552,1.721765,0.866624,1.3525,1.576286,1.80093,1.314871,1.025643,1.257544,3.044545,1.635147,0.836994,1.034706,1.359204,2.054628,2.60607,1.223364,1.551123,0.886101,0.995882,1.067734,1.872071,-0.552929,-0.789911,-0.390029,-0.087362,0.667164,-1.23134,-1.106429,-2.822407,-1.863047,-0.89936,-1.841335,-3.45528,-5.620889,-2.718802,0.368637,0.654833,1.64579,3.05707,-4.644042,-6.823374,-5.878602,-2.190934,0.71065,2.30436,3.933176,-5.637275,-5.617985,-3.899243,0.292947,2.523104,-4.479094,-4.050371,-0.373025,1.24195,2.453813,-4.316067,-3.169284,1.432309,3.775425,3.999448,3.820939,3.116137,3.046331,-3.711654,-2.460764,0.501437,3.06997,3.156323,2.728472,2.742678,-3.15401,-3.420898,-2.065483,0.531826,1.897483,1.744561,-3.784692,-4.80749,-3.872302,-0.552983,0.696019,-4.247308,-5.310588,-4.627424,-0.82574,0.998139,1.903611,2.989739,2.677521,-5.046216,-3.12341,0.520157,1.387899,2.062526,2.38426,-2.326234,-1.038522,-0.583684,1.70147,1.90677,1.647287,-1.72575,-1.47283,-0.295054,2.090586,1.112747,1.495558,-0.292116,-0.241973,-1.089707,-0.712542,2.804416
N1_0063_sec120-export,1.019702,1.18947,1.110577,0.156565,-0.668631,-1.375609,-1.416083,1.283872,0.426315,0.415582,-0.11105,-1.239108,-1.408841,0.093534,-0.391566,-0.211737,0.57915,-0.070058,-0.501753,-0.954068,-0.122808,-0.160964,0.190583,0.112676,1.291307,1.158372,0.86266,-0.155022,-0.680555,-1.091441,-0.847934,0.512912,0.80835,0.801381,0.037266,-0.658555,-0.597706,0.931909,1.082292,0.447936,0.235674,0.081579,0.579006,0.825966,0.662105,0.669753,0.688739,0.442048,0.206808,0.757519,0.939739,0.627115,0.054819,-0.283898,-0.684619,0.451459,0.484366,0.768585,0.934253,0.627472,0.36264,0.422942,0.521718,0.097562,-0.31539,0.469499,0.803653,-0.232069,-0.539814,-1.262735,-0.185826,0.376322,-0.376567,-1.580181,-1.239798,-0.466067,0.522778,0.377335,-0.185132,-0.567531,-0.805436,-1.551618,-1.971523,-1.326589,-0.701313,-0.65843,-0.420591,-1.114041,-2.0499,-2.50001,-1.522354,-0.499602,-0.022718,-1.019777,-1.330641,-1.402435,-0.210843,-0.047801,0.391003,-0.499257,-0.477323,0.470886,0.118784,0.222694,-0.061562,-0.803298,-0.002706,0.414216,0.675246,0.476957,0.595425,-0.646368,0.809218,0.449766,0.877493,1.099577,1.274214,0.559125,0.634564,0.746286,0.817685,1.06178,1.020205,0.951236,1.005763,-0.742296,-0.021291,0.965804,-1.148948
N1_0064_sec120-export,2.224661,1.803757,2.342148,-0.024299,-1.686486,-1.385393,-0.019063,2.918076,2.002984,-0.978897,-0.271375,-0.584053,-1.045221,2.225799,1.156568,1.150264,2.66962,0.032062,0.068066,-0.628591,1.857037,0.926405,0.137741,-0.922569,3.037362,2.689846,0.718048,1.3134,0.053868,-0.569215,0.381668,3.717173,1.620395,1.985808,0.622254,1.14803,0.200414,1.943561,0.998444,0.645384,0.600122,0.446628,1.952133,0.064663,0.51243,-0.044365,0.053441,1.673759,0.643401,-0.75336,-0.932247,-0.047557,0.753734,0.878944,0.404016,0.420199,-0.420289,-3.185803,-1.80275,0.822828,0.881841,1.038458,-0.701023,-2.0113,-2.763999,-0.560761,1.647235,-1.550625,-2.108139,-0.876578,-0.337028,0.620992,-1.922592,-1.093596,-1.19637,-0.469806,-0.117242,0.997234,0.398391,0.835685,-1.748847,-1.538315,-2.068806,-3.291207,-0.981743,-0.28061,-0.606126,-1.260685,-1.677778,-3.781703,-4.788692,-2.285316,-0.549907,-1.851893,-1.585926,-3.422982,-3.541312,-2.541639,-0.130456,-0.473715,-1.771652,-0.902442,0.635325,-0.127429,-0.657143,-0.184377,0.332914,-1.238056,-0.046109,0.871814,-0.220094,-2.36077,0.744297,0.752037,0.448573,0.964885,0.314424,-0.730424,1.025339,1.717442,2.082348,1.475165,0.940404,-0.08415,1.415344,0.581385,2.125718,2.88107,0.195438
N1_0065_sec120-export,1.987818,3.362218,2.954907,3.937802,3.799814,4.134263,3.04998,2.592395,4.579456,4.956518,3.516878,4.89186,3.84838,2.768337,3.697195,3.91587,3.707026,4.487701,4.447423,5.435808,4.235234,3.668943,4.470352,5.834427,3.706205,4.600199,4.911999,4.215822,2.919909,2.584051,1.300411,3.053833,2.224346,2.443214,0.239135,-0.553661,0.56796,1.734902,0.140177,-0.71196,-0.330919,-1.749846,0.97531,0.762104,-0.329199,-2.854585,-3.533169,0.577651,-0.385925,-4.14527,-4.928882,-4.198094,-2.847822,-0.701339,1.260173,-0.838877,-2.768616,-6.623658,-5.911026,-5.166929,-2.076288,-1.86994,-4.213651,-4.513008,-9.510646,-9.458338,-4.305855,-2.375273,-4.213665,-6.478463,-5.708043,-2.447428,-2.86543,-2.968436,-3.324512,-2.332997,-2.146153,-0.350586,0.543319,2.146918,-2.164638,-2.950726,-5.180841,-5.153028,-2.330767,-0.332735,1.603088,-2.307644,-4.119689,-7.395804,-5.549944,-1.871844,0.582942,-3.243502,-4.945788,-5.22701,-2.745792,-0.654476,-2.354819,-3.329031,-2.051502,-0.653104,0.767058,1.342955,2.293431,2.625789,-0.990916,0.089047,0.310884,1.815089,3.217711,3.400218,0.234259,0.774903,0.700759,2.691945,2.184382,3.471468,0.830137,0.204622,1.655204,4.191678,4.346982,4.425018,1.331435,1.694857,0.528054,1.397263,1.392673
N1_0067_sec120-export,-1.829525,-0.243422,0.900422,0.637337,1.051547,1.186499,2.306986,-0.213538,-0.291022,0.121702,0.444839,0.853758,1.802828,-0.699698,-0.131765,0.744125,-0.559053,0.602952,0.900226,0.974855,-0.379514,0.116925,0.160978,0.772237,-1.354922,-0.015099,0.537913,0.864396,1.539649,2.946642,3.003281,-0.906649,-0.022075,-0.216356,1.604561,2.738115,4.027893,-1.292462,0.310424,0.912408,2.235847,2.993966,-2.475435,-1.578276,-0.493625,1.30727,2.085297,-1.743775,-2.47357,-1.316525,0.566572,2.380316,3.708435,4.329617,3.192135,-1.970654,-2.810064,-1.489561,-0.390453,1.840242,3.453774,3.430581,-2.125252,-1.726858,-2.779795,-0.480268,2.837236,-1.56291,-1.370331,-1.435093,0.973075,2.891795,-1.465431,-1.657581,-0.571373,1.126771,2.394715,2.671948,3.058078,2.595622,-2.208621,-1.531381,-1.666188,-1.25525,0.804616,2.058432,2.026575,-2.554638,-2.40046,-2.705754,-1.265483,0.477695,1.311116,-2.730298,-3.391366,-3.538985,-1.417608,1.288063,-2.940731,-3.199493,-2.391762,-0.566738,0.291756,1.252507,1.391225,1.831643,-3.27058,-1.451605,-0.863057,0.474072,0.918427,0.953275,-2.507854,-1.926806,-0.226181,-0.770727,0.381379,0.781125,-1.314613,-2.036196,-1.41795,-1.220618,-0.202732,0.424581,-1.735894,-1.850347,-1.978275,-2.323433,2.130284
N1_0068_sec120-export,1.439024,0.276593,1.273456,1.336912,1.485218,3.910246,4.47367,0.992321,0.875006,1.518225,0.664,0.815224,3.687868,1.376644,-0.015296,0.33628,2.146015,1.333129,1.161727,0.089842,1.396201,0.477356,0.487845,0.386204,1.721126,0.94597,0.172214,0.068578,0.781706,2.972704,3.812096,0.408194,0.779508,-0.382255,-0.219143,-0.149594,2.570237,0.723108,-1.071402,-1.143582,-1.487546,-1.697251,0.131577,0.162191,-1.802374,-3.154067,-3.191605,0.329728,1.177988,-2.706298,-4.119596,-3.503601,-1.279565,2.793871,5.461138,-1.790076,-1.726935,-4.428182,-6.465692,-4.621081,2.355012,2.399436,-1.598629,-3.341099,-4.52564,-5.584544,-0.497295,-1.853645,-3.117932,-2.56599,-1.709974,1.127111,-1.001514,-1.418965,-0.959857,-0.138449,1.419566,2.688095,4.533978,4.222363,-1.045583,-1.297323,-1.445442,-2.37425,-2.316173,0.261025,2.889175,-0.726649,-1.579246,-2.413698,-3.521797,-1.482067,-0.354838,-0.671123,-1.700272,-2.656577,-2.288886,-1.792333,-0.922586,-0.598932,-1.946208,-1.180832,-0.165275,0.798993,2.246671,4.730942,-0.825143,-0.272547,-0.106089,0.111667,1.284636,2.977934,0.416399,0.725211,0.605269,0.135934,0.896759,1.338154,0.549238,0.604509,0.87905,0.348462,1.090297,0.429965,1.100546,0.846106,0.838424,1.195568,3.955107
N1_0069_sec120-export,2.245025,3.537992,2.878574,3.380382,3.264673,3.349004,0.774773,2.203875,2.434972,2.820565,2.992381,3.197466,3.716509,1.649386,1.456444,3.535473,0.922064,2.463567,3.119967,3.426928,1.229552,1.781773,2.552751,3.160998,0.912587,1.512998,2.320942,3.528986,5.647895,5.182453,4.910017,0.631393,2.022574,2.223556,3.332059,4.360532,4.703861,0.380635,0.841561,1.741239,2.760813,3.335346,0.191095,0.052091,-1.393808,-0.773604,-0.348176,-0.26645,0.056158,-4.251081,-3.659857,-0.239515,2.311478,3.878927,2.940542,-0.74443,-1.489916,-8.65952,-7.409167,-2.353059,2.329274,0.920274,-1.35717,-3.899995,-7.446247,-7.013531,-1.687237,-2.583632,-4.821561,-5.614076,-3.841396,-3.306874,-3.219192,-4.239104,-3.535102,-7.716533,-5.286503,-1.053816,2.781912,3.898535,-3.232465,-5.45854,-7.817647,-7.324147,-7.580837,-1.058136,2.622027,-3.470562,-5.704071,-7.660587,-11.847573,-4.879392,-0.967888,-3.427497,-4.808856,-8.507086,-6.674847,-0.432633,-2.054943,-2.673318,-5.620457,0.135108,2.107432,3.98501,4.152834,3.591142,-0.574555,0.527555,2.305353,3.26126,5.603117,3.717968,0.982324,2.198097,2.696731,3.349736,3.194286,3.427435,0.419322,1.997548,2.205331,3.391093,2.334155,3.23891,1.6322,0.972637,0.006055,0.243234,3.883865
N1_0070_sec120-export,2.304349,2.192472,1.42671,0.634094,0.425537,1.689881,4.070102,1.02598,-0.624466,-0.039594,-0.498386,-0.036969,1.904001,-0.690245,-0.738168,-0.301773,-0.132738,-1.116922,-0.451355,-0.565595,-0.81872,-0.799803,-0.202139,-1.264352,-0.293054,-0.730189,-0.603853,-0.76338,0.73037,2.501671,3.484695,0.418133,-1.831811,-1.019218,-0.25678,-0.222604,0.831889,0.227498,-1.121729,-1.579844,-2.045574,-2.025125,1.317849,-0.183949,-2.752881,-2.808739,-3.211432,0.92471,0.085955,-4.014248,-4.791617,-4.3961,-2.562837,0.926672,3.425872,-1.557895,-4.154326,-5.301336,-7.058701,-6.3214,-1.585455,-0.735636,-2.159414,-4.748917,-6.607759,-8.691699,-6.143205,-1.059175,-3.635057,-5.233655,-5.665056,-3.705868,-1.12315,-1.787819,-3.745004,-3.048096,-2.019254,0.817571,3.013252,4.696038,-0.278887,-0.547773,-0.762718,-2.763381,-2.090445,2.179018,4.19913,0.309308,-0.33117,0.027985,-1.834528,1.357491,3.075284,0.898738,-0.364892,0.971638,1.587455,2.6872,-0.278339,1.013502,1.878587,2.502712,3.630204,3.81793,4.432841,3.990459,2.950932,2.092346,3.829521,3.788659,3.905352,3.181001,2.067522,2.986565,3.510838,4.189163,3.016175,2.175781,1.425935,2.069417,3.010615,4.189032,2.202601,1.814774,2.935501,1.05288,1.025091,1.619357,4.162362
N1_0071_sec120-export,1.141148,0.849215,1.284056,1.17562,0.312096,0.468275,0.296192,1.193291,0.73652,1.246901,1.507187,0.188058,0.022662,1.750738,1.462482,0.762176,2.280274,1.04718,0.845782,0.569193,2.455457,2.093324,1.481273,1.355359,2.500511,2.26362,1.247659,0.729281,0.482544,0.196228,0.160132,2.422949,1.512124,1.316418,0.447584,0.139417,0.333478,1.820566,0.861031,0.230642,-0.815379,-0.666289,1.369086,1.110528,-1.02776,-1.840925,-1.616333,1.014997,0.839954,-2.510783,-2.76869,-1.856972,-0.615022,0.353944,0.753971,-0.194363,-1.558059,-3.71832,-4.003027,-2.143672,-0.799365,-0.274412,-0.620389,-1.302316,-2.566559,-3.061574,-1.613192,-0.749109,-0.95689,-1.709548,-1.427586,-0.891989,-0.290895,-1.005615,-1.843551,-1.693997,-0.947069,-0.536959,-0.055609,0.940217,-0.936616,-1.090207,-2.548042,-2.278576,-1.63011,-0.151884,0.403555,-0.709102,-0.420677,-2.038596,-2.253401,-1.680167,-0.272937,-0.234476,-0.743299,-1.912367,-2.077083,-0.824872,0.721041,-0.128156,-1.452495,-0.951298,-0.044329,0.652386,0.657094,0.789739,0.904091,-0.638639,0.256815,0.441674,0.447055,0.013699,1.621142,1.180694,-0.503649,1.226955,0.133556,0.572935,0.885802,1.258397,1.256699,0.796829,0.808796,1.712988,1.465732,1.911542,1.516102,1.877333,0.119201
N1_0072_sec120-export,1.397451,0.784385,0.531267,-0.313441,-1.221979,-0.93274,-0.981493,1.612375,-0.271573,-0.645446,-1.138569,-0.786466,-1.212366,0.796738,-0.282442,-1.125699,0.735724,-0.25943,-0.707843,-0.824446,0.974437,-0.346224,-0.240985,-0.443508,-0.068717,-0.75609,-0.57105,-0.734181,-1.11144,-1.327707,-0.292339,-0.75121,-1.629725,-1.909137,-1.467499,-1.517921,-0.262747,-0.61656,-1.949416,-2.542867,-1.604125,-1.507147,-0.632224,-0.677583,-2.448039,-2.129667,-2.196741,0.024998,0.019939,-2.868048,-2.196043,-1.305832,-0.34496,0.246928,0.426812,-1.94667,-2.586653,-2.491031,-1.64767,-0.070297,0.622938,1.524797,-1.961828,-2.291161,-1.665178,-0.28049,1.619521,-1.755304,-1.022119,0.712997,1.553717,1.966834,-0.398552,0.711069,1.854596,2.004063,1.565195,0.910809,0.927951,0.551266,0.859129,1.008975,1.490692,0.455333,1.02683,0.996876,1.029702,1.152929,1.591925,1.052813,-0.768299,0.136193,0.983918,1.383781,1.819185,1.219894,0.609694,0.899837,1.612118,1.364394,1.754216,1.397986,1.095613,1.048772,0.505551,-0.236366,0.434656,1.761782,1.069133,0.988015,0.173591,-0.730369,1.349088,1.579049,1.613192,1.139516,0.132492,-0.212052,1.182965,1.108533,1.553662,1.089459,0.191061,0.034147,1.145542,0.249747,0.499575,-0.324896,-0.32577
N1_0073_sec120-export,1.285159,1.049562,1.97144,0.361582,-1.276555,-0.091879,-0.26352,1.549905,-0.944444,-1.660245,-1.556089,-0.538191,0.264584,0.118709,-1.294491,-1.020087,-0.450118,0.208005,-1.073879,-0.002292,-0.605887,-0.538077,-0.059502,-0.131029,-0.175852,0.370598,-0.007648,0.046363,0.704465,0.632371,-0.296059,0.238117,1.688439,0.666013,-0.086741,1.243032,1.149868,0.560925,0.57772,0.687308,0.908308,0.947427,0.650077,0.482329,0.552482,0.923732,0.462395,2.54287,-0.060492,-0.251126,-0.633218,0.871276,1.146573,0.926155,0.405438,-0.248909,-0.854331,-2.176076,-1.48458,0.251478,-0.12091,0.04412,-0.761957,-1.790795,-2.967985,-3.441399,-0.116762,-1.347368,-1.811567,-1.185436,-0.428889,-0.715228,-1.295049,-1.309859,-0.451799,0.070082,0.365614,0.457128,0.068121,0.048063,-1.083506,-1.098145,-1.01012,-1.138424,1.919131,1.349707,0.015108,-1.627913,-0.202011,-2.790295,-0.399435,0.006392,0.359282,0.371266,-0.689297,-0.262285,-0.346129,0.139044,0.630241,1.133472,2.4126,0.55127,-1.190589,-0.065038,-0.803659,-0.79724,1.270866,1.588729,1.626676,2.46283,-0.048702,-0.876332,0.292538,0.370673,0.638145,1.256866,0.730103,-0.016859,-1.357122,0.722181,2.27643,2.17142,1.717153,-0.6672,-0.362945,0.088817,-0.325767,-0.727992,-0.185452